Photos 123 & 5,M6_123,M6_5
Photos 123 & 6,M6_123,M6_6
Photos 123 & 7,M6_123,M6_7
Photos 123 & 8,M6_123,M6_8
Photos 123 & Anthem,M6_123,ANTHEM60
Photos 123 & Red & Discover,M6_123,RED_DISCOVER
Photos 123 & Peter & Dan,M6_123,PETER_DAN
Photos 123 & Discover & Fishing,M6_123,DISCOVER_FISHING
Photos 123 & Welcome 1,M6_123,M1_V1_60
Photos 123 & Welcome 2,M6_123,M1_V2_60
Photos 123 & Welcome 3,M6_123,M1_V3_60
Photos 123 & Welcome 4,M6_123,M1_V4_60
Photos 456 & 9,M6_456,M6_9
Photos 456 & 10,M6_456,M6_10
Photos 456 & 11,M6_456,M6_11
Photos 456 & 12,M6_456,M6_12
Photos 456 & Welcome 1,M6_456,M1_V1_60
Photos 456 & Welcome 2,M6_456,M1_V2_60
Photos 456 & Welcome 3,M6_456,M1_V3_60
Photos 456 & Welcome 4,M6_456,M1_V4_60
Photos 456 & Peter & Fishing,M6_456,PETER_FISHING
Photos 456 & Anthem & Robbie,M6_456,ANTHEM_ROBBIE
Photos 456 & Red & Fishing,M6_456,RED_FISHING
Photos 456 & Peter & Red,M6_456,PETER_RED
Photos 789 & 1,M6_789,M6_1
Photos 789 & 2,M6_789,M6_2
Photos 789 & 3,M6_789,M6_3
Photos 789 & 4,M6_789,M6_4
Photos 789 & Anthem & Red,M6_789,ANTHEM_RED
Photos 789 & Welcome 1,M6_789,M1_V1_60
Photos 789 & Welcome 2,M6_789,M1_V2_60
Photos 789 & Welcome 3,M6_789,M1_V3_60
Photos 789 & Welcome 4,M6_789,M1_V4_60
Welcome v1,M1_V1, M1_V1
Welcome v2,M1_V1, M1_V2
Welcome v3,M1_V1, M1_V3
Welcome v4,M1_V1, M1_V4
Welcome v5,M1_V1, M1_V5
Welcome & Anthem,M1_V1_NO_AUDIO,ANTHEM60
Welcome & Peter & Fishing,M1_V1_NO_AUDIO,PETER_FISHING
Welcome & Red & Discover,M1_V1_NO_AUDIO,RED_DISCOVER
Welcome & Anthem & Robbie,M1_V1_NO_AUDIO,ANTHEM_ROBBIE
Welcome & Peter & Dan,M1_V1_NO_AUDIO,PETER_DAN
Factoids,M4,M4
Industry,M3,M3